{
  "hash": "ff2a4cbf",
  "configHash": "d398bb28",
  "lockfileHash": "3f760e8d",
  "browserHash": "3888c9a9",
  "optimized": {
    "@angular/common": {
      "src": "../../../../../../node_modules/@angular/common/fesm2022/common.mjs",
      "file": "@angular_common.js",
      "fileHash": "3a714853",
      "needsInterop": false
    },
    "@angular/core": {
      "src": "../../../../../../node_modules/@angular/core/fesm2022/core.mjs",
      "file": "@angular_core.js",
      "fileHash": "a3d1f39c",
      "needsInterop": false
    },
    "@angular/platform-browser": {
      "src": "../../../../../../node_modules/@angular/platform-browser/fesm2022/platform-browser.mjs",
      "file": "@angular_platform-browser.js",
      "fileHash": "5f33bf3a",
      "needsInterop": false
    },
    "@angular/router": {
      "src": "../../../../../../node_modules/@angular/router/fesm2022/router.mjs",
      "file": "@angular_router.js",
      "fileHash": "0c2428ff",
      "needsInterop": false
    },
    "ngx-bootstrap/carousel": {
      "src": "../../../../../../node_modules/ngx-bootstrap/carousel/fesm2022/ngx-bootstrap-carousel.mjs",
      "file": "ngx-bootstrap_carousel.js",
      "fileHash": "51074d93",
      "needsInterop": false
    }
  },
  "chunks": {
    "chunk-6VOFJZQK": {
      "file": "chunk-6VOFJZQK.js"
    },
    "chunk-KD276FXN": {
      "file": "chunk-KD276FXN.js"
    },
    "chunk-GZKEX4RU": {
      "file": "chunk-GZKEX4RU.js"
    }
  }
}